{
  "project_info": {
    "project_number": "790273223864",
    "project_id": "praia-livre-recife",
    "storage_bucket": "praia-livre-recife.appspot.com"
  },
  "client": [
    {
      "client_info": {
        "mobilesdk_app_id": "1:790273223864:android:fe740c023ac9e05ef6d84d",
        "android_client_info": {
          "package_name": "com.example.PraiaLivreRecife"
        }
      },
      "oauth_client": [
        {
          "client_id": "790273223864-0b0ide5lura9pun6km7culah7dnmkeii.apps.googleusercontent.com",
          "client_type": 3
        }
      ],
      "api_key": [
        {
          "current_key": "AIzaSyBe7urN2NJgVzqQO8nTQNFjpaAJn0fzZ-c"
        }
      ],
      "services": {
        "appinvite_service": {
          "other_platform_oauth_client": [
            {
              "client_id": "790273223864-0b0ide5lura9pun6km7culah7dnmkeii.apps.googleusercontent.com",
              "client_type": 3
            }
          ]
        }
      }
    }
  ],
  "configuration_version": "1"
}